evaluation_row_id,candidate_id,alert_id,market_id,event_id,event_family_id,category_key,decision_timestamp,feature_schema_version,candidate_severity_score,alert_severity_rank,has_alert,has_resolution,rule_count,fresh_wallet_count,fresh_wallet_notional_share,directional_imbalance,concentration_ratio,probability_velocity,probability_acceleration,volume_acceleration,market_status_closed,evidence_state,coverage_status,direction,label_success,label_available,liquidity_bucket,event_family_holdout,category_holdout,time_holdout,probability_velocity_abs,probability_acceleration_abs,dataset_partition,model_linear_score,model_score,baseline_severity_score,baseline_probability_momentum_score,baseline_order_imbalance_score,baseline_microstructure_score,baseline_external_evidence_score,baseline_fresh_wallet_score,baseline_wallet_score,baseline_velocity_score
candidate:cabb941c58a14c7991bb402714930635,cabb941c58a14c7991bb402714930635,2676523c6836465eaa4196b20e87ab90,phase10_holdout_market_train_001,phase10_holdout_event_train_001,phase10_holdout_event_train_001,crypto,2026-01-15T05:02:45+00:00,phase6_features_v1,0.63,3,1,1,3,5,0.62,0.74,0.54,0.032,0.012,1.62,0,weakly_public,complete,YES,1.0,True,tight,fold_3_of_5,crypto,time_block:2026-01-07:2026-02-06,0.032,0.012,train,,0.428965919587102,0.63,0.032,0.74,0.4146,0.25,1.5,1.5,0.032
candidate:a57c68a0aae74b3fa6f79c27424fb38d,a57c68a0aae74b3fa6f79c27424fb38d,ca794122330848bd936b1033e7a5a2b2,phase10_holdout_market_train_002,phase10_holdout_event_train_002,phase10_holdout_event_train_002,macro,2026-01-15T05:04:15+00:00,phase6_features_v1,0.64,3,1,1,3,5,0.62,0.74,0.72,-0.032,-0.012,1.62,0,weakly_public,complete,NO,0.0,True,tight,fold_4_of_5,macro,time_block:2026-01-07:2026-02-06,0.032,0.012,train,,0.428965919587102,0.64,0.032,0.74,0.43260000000000004,0.25,1.5,1.5,0.032
candidate:813a3a9ab2064f808d3e1a02cf577c14,813a3a9ab2064f808d3e1a02cf577c14,470703595f49413f9c88693fe7c6a626,phase10_holdout_market_train_003,phase10_holdout_event_train_003,phase10_holdout_event_train_003,politics,2026-01-15T05:05:45+00:00,phase6_features_v1,0.65,3,1,1,3,3,0.62,0.74,0.54,0.032,0.012,1.62,0,weakly_public,complete,YES,0.0,True,tight,fold_5_of_5,politics,time_block:2026-01-07:2026-02-06,0.032,0.012,train,,0.5,0.65,0.032,0.74,0.4146,0.25,1.5,1.5,0.032
candidate:abc256d680634c51bbfbca85f17b70ba,abc256d680634c51bbfbca85f17b70ba,c5f623c21649494f85cb3d19ab65c620,phase10_holdout_market_train_004,phase10_holdout_event_train_004,phase10_holdout_event_train_004,sports,2026-01-15T05:07:15+00:00,phase6_features_v1,0.66,3,1,1,3,3,0.62,0.74,0.72,-0.032,-0.012,1.62,0,weakly_public,complete,NO,1.0,True,tight,fold_1_of_5,sports,time_block:2026-01-07:2026-02-06,0.032,0.012,train,,0.6657385793880746,0.66,0.032,0.74,0.43260000000000004,0.25,1.5,1.5,0.032
candidate:0b64f463edeb46819cfc910be378ba52,0b64f463edeb46819cfc910be378ba52,ba51cb6554434742a106523943b344c9,phase10_holdout_market_train_005,phase10_holdout_event_train_005,phase10_holdout_event_train_005,crypto,2026-01-15T05:08:45+00:00,phase6_features_v1,0.67,3,1,1,3,5,0.62,0.74,0.54,0.032,0.012,1.62,0,weakly_public,complete,YES,1.0,True,tight,fold_2_of_5,crypto,time_block:2026-01-07:2026-02-06,0.032,0.012,train,,0.5,0.67,0.032,0.74,0.4146,0.25,1.5,1.5,0.032
candidate:e05c2a7fe1a642dbb2b9d12d687ad6af,e05c2a7fe1a642dbb2b9d12d687ad6af,c9bb0022a61f479da95d6eba1198cf01,phase10_holdout_market_train_006,phase10_holdout_event_train_006,phase10_holdout_event_train_006,macro,2026-01-15T05:10:15+00:00,phase6_features_v1,0.63,3,1,1,3,5,0.62,0.74,0.72,-0.032,-0.012,1.62,0,weakly_public,complete,NO,0.0,True,tight,fold_3_of_5,macro,time_block:2026-01-07:2026-02-06,0.032,0.012,train,,0.428965919587102,0.63,0.032,0.74,0.43260000000000004,0.25,1.5,1.5,0.032
candidate:579001701dc94fbd9b13d06cd2f62f60,579001701dc94fbd9b13d06cd2f62f60,f44c500cff0e46488592bba5ebedc960,phase10_holdout_market_train_007,phase10_holdout_event_train_007,phase10_holdout_event_train_007,politics,2026-01-15T05:11:45+00:00,phase6_features_v1,0.64,3,1,1,3,3,0.62,0.74,0.54,0.032,0.012,1.62,0,weakly_public,complete,YES,0.0,True,tight,fold_4_of_5,politics,time_block:2026-01-07:2026-02-06,0.032,0.012,train,,0.428965919587102,0.64,0.032,0.74,0.4146,0.25,1.5,1.5,0.032
candidate:5e83cb67a80f4faa8d87ad955c6caab7,5e83cb67a80f4faa8d87ad955c6caab7,4b51c1b22fe8486387d5e8011d22b6c0,phase10_holdout_market_train_008,phase10_holdout_event_train_008,phase10_holdout_event_train_008,sports,2026-01-15T05:13:15+00:00,phase6_features_v1,0.65,3,1,1,3,3,0.62,0.74,0.72,-0.032,-0.012,1.62,0,weakly_public,complete,NO,1.0,True,tight,fold_5_of_5,sports,time_block:2026-01-07:2026-02-06,0.032,0.012,train,,0.5,0.65,0.032,0.74,0.43260000000000004,0.25,1.5,1.5,0.032
candidate:d08028cb3ce34479a2940d442cbcbd41,d08028cb3ce34479a2940d442cbcbd41,009f94e9559844c7b151a185ca04f9aa,phase10_holdout_market_train_009,phase10_holdout_event_train_009,phase10_holdout_event_train_009,crypto,2026-01-15T05:14:45+00:00,phase6_features_v1,0.66,3,1,1,3,5,0.62,0.74,0.54,0.032,0.012,1.62,0,weakly_public,complete,YES,1.0,True,tight,fold_1_of_5,crypto,time_block:2026-01-07:2026-02-06,0.032,0.012,train,,0.6657385793880746,0.66,0.032,0.74,0.4146,0.25,1.5,1.5,0.032
candidate:be60c051c0c444bfa7d60014e3d05652,be60c051c0c444bfa7d60014e3d05652,401a3227965e4b848f1fc77118b168bf,phase10_holdout_market_train_010,phase10_holdout_event_train_010,phase10_holdout_event_train_010,macro,2026-01-15T05:16:15+00:00,phase6_features_v1,0.67,3,1,1,3,5,0.62,0.74,0.72,-0.032,-0.012,1.62,0,weakly_public,complete,NO,0.0,True,tight,fold_2_of_5,macro,time_block:2026-01-07:2026-02-06,0.032,0.012,train,,0.5,0.67,0.032,0.74,0.43260000000000004,0.25,1.5,1.5,0.032
candidate:b08ae5e4342a4b0c98aee78c9d132605,b08ae5e4342a4b0c98aee78c9d132605,2a9753b91f4640b79e879f997cead132,phase10_holdout_market_train_011,phase10_holdout_event_train_011,phase10_holdout_event_train_011,politics,2026-01-15T05:17:45+00:00,phase6_features_v1,0.63,3,1,1,3,3,0.62,0.74,0.54,0.032,0.012,1.62,0,weakly_public,complete,YES,0.0,True,tight,fold_3_of_5,politics,time_block:2026-01-07:2026-02-06,0.032,0.012,train,,0.428965919587102,0.63,0.032,0.74,0.4146,0.25,1.5,1.5,0.032
candidate:1a1adc862b6842aeb32c1f4a25b5624a,1a1adc862b6842aeb32c1f4a25b5624a,76c0e0baeb9449318aa5ac6a5aeab16e,phase10_holdout_market_train_012,phase10_holdout_event_train_012,phase10_holdout_event_train_012,sports,2026-01-15T05:19:15+00:00,phase6_features_v1,0.64,3,1,1,3,3,0.62,0.74,0.72,-0.032,-0.012,1.62,0,weakly_public,complete,NO,1.0,True,tight,fold_4_of_5,sports,time_block:2026-01-07:2026-02-06,0.032,0.012,train,,0.428965919587102,0.64,0.032,0.74,0.43260000000000004,0.25,1.5,1.5,0.032
candidate:70a1784db8cb4ed4976faaa0fd45d795,70a1784db8cb4ed4976faaa0fd45d795,f36c04069d344f41824c5d295b2f40a3,phase10_holdout_market_train_013,phase10_holdout_event_train_013,phase10_holdout_event_train_013,crypto,2026-01-15T05:20:45+00:00,phase6_features_v1,0.65,3,1,1,3,5,0.62,0.74,0.54,0.032,0.012,1.62,0,weakly_public,complete,YES,1.0,True,tight,fold_5_of_5,crypto,time_block:2026-01-07:2026-02-06,0.032,0.012,train,,0.5,0.65,0.032,0.74,0.4146,0.25,1.5,1.5,0.032
candidate:b61a5787b0564b2e941bcdf5cbeb6c46,b61a5787b0564b2e941bcdf5cbeb6c46,4412ae51856d437886d856fcc722308d,phase10_holdout_market_train_014,phase10_holdout_event_train_014,phase10_holdout_event_train_014,macro,2026-01-15T05:22:15+00:00,phase6_features_v1,0.66,3,1,1,3,5,0.62,0.74,0.72,-0.032,-0.012,1.62,0,weakly_public,complete,NO,0.0,True,tight,fold_1_of_5,macro,time_block:2026-01-07:2026-02-06,0.032,0.012,train,,0.6657385793880746,0.66,0.032,0.74,0.43260000000000004,0.25,1.5,1.5,0.032
candidate:5df0b27776ba4843bb998eafc58e78cb,5df0b27776ba4843bb998eafc58e78cb,263458c9ae964f4c82ff1fd7fbb5f271,phase10_holdout_market_train_015,phase10_holdout_event_train_015,phase10_holdout_event_train_015,politics,2026-01-15T05:23:45+00:00,phase6_features_v1,0.67,3,1,1,3,3,0.62,0.74,0.54,0.032,0.012,1.62,0,weakly_public,complete,YES,0.0,True,tight,fold_2_of_5,politics,time_block:2026-01-07:2026-02-06,0.032,0.012,train,,0.5,0.67,0.032,0.74,0.4146,0.25,1.5,1.5,0.032
candidate:bc6af07c018448fabd7982e2b503e1b4,bc6af07c018448fabd7982e2b503e1b4,947c773f08f142c19b58affe829ad376,phase10_holdout_market_train_016,phase10_holdout_event_train_016,phase10_holdout_event_train_016,sports,2026-01-15T05:25:15+00:00,phase6_features_v1,0.63,3,1,1,3,3,0.62,0.74,0.72,-0.032,-0.012,1.62,0,weakly_public,complete,NO,1.0,True,tight,fold_3_of_5,sports,time_block:2026-01-07:2026-02-06,0.032,0.012,train,,0.428965919587102,0.63,0.032,0.74,0.43260000000000004,0.25,1.5,1.5,0.032
candidate:334faa4646f54edaaaaea7cdedba3bc5,334faa4646f54edaaaaea7cdedba3bc5,a18d8e0120a34660b7c951b02476721a,phase10_holdout_market_train_017,phase10_holdout_event_train_017,phase10_holdout_event_train_017,crypto,2026-01-15T05:26:45+00:00,phase6_features_v1,0.64,3,1,1,3,5,0.62,0.74,0.54,0.032,0.012,1.62,0,weakly_public,complete,YES,1.0,True,tight,fold_4_of_5,crypto,time_block:2026-01-07:2026-02-06,0.032,0.012,train,,0.428965919587102,0.64,0.032,0.74,0.4146,0.25,1.5,1.5,0.032
candidate:67c9cbabc9574855a881ac73545dd25b,67c9cbabc9574855a881ac73545dd25b,262d466b93474e01af5a28f3717c7cf3,phase10_holdout_market_train_018,phase10_holdout_event_train_018,phase10_holdout_event_train_018,macro,2026-01-15T05:28:15+00:00,phase6_features_v1,0.65,3,1,1,3,5,0.62,0.74,0.72,-0.032,-0.012,1.62,0,weakly_public,complete,NO,0.0,True,tight,fold_5_of_5,macro,time_block:2026-01-07:2026-02-06,0.032,0.012,train,,0.5,0.65,0.032,0.74,0.43260000000000004,0.25,1.5,1.5,0.032
candidate:e45e4b9dc7874a49a7f52493c1a0bd99,e45e4b9dc7874a49a7f52493c1a0bd99,eb99d58b98cd48cf87213434b269e0de,phase10_holdout_market_train_019,phase10_holdout_event_train_019,phase10_holdout_event_train_019,politics,2026-01-15T05:29:45+00:00,phase6_features_v1,0.66,3,1,1,3,3,0.62,0.74,0.54,0.032,0.012,1.62,0,weakly_public,complete,YES,0.0,True,tight,fold_1_of_5,politics,time_block:2026-01-07:2026-02-06,0.032,0.012,train,,0.6657385793880746,0.66,0.032,0.74,0.4146,0.25,1.5,1.5,0.032
candidate:581ca881ea504d81af5ee648d54d78cd,581ca881ea504d81af5ee648d54d78cd,ffdc7c1ad9014a92845ccb8ab7249231,phase10_holdout_market_train_020,phase10_holdout_event_train_020,phase10_holdout_event_train_020,sports,2026-01-15T05:31:15+00:00,phase6_features_v1,0.67,3,1,1,3,3,0.62,0.74,0.72,-0.032,-0.012,1.62,0,weakly_public,complete,NO,1.0,True,tight,fold_2_of_5,sports,time_block:2026-01-07:2026-02-06,0.032,0.012,train,,0.5,0.67,0.032,0.74,0.43260000000000004,0.25,1.5,1.5,0.032
candidate:917709b6719440b9bd40d314e96859f9,917709b6719440b9bd40d314e96859f9,4264f711cc84449fa9007713f86bdb42,phase10_holdout_market_train_021,phase10_holdout_event_train_021,phase10_holdout_event_train_021,crypto,2026-01-15T05:32:45+00:00,phase6_features_v1,0.63,3,1,1,3,5,0.62,0.74,0.54,0.032,0.012,1.62,0,weakly_public,complete,YES,1.0,True,tight,fold_3_of_5,crypto,time_block:2026-01-07:2026-02-06,0.032,0.012,train,,0.428965919587102,0.63,0.032,0.74,0.4146,0.25,1.5,1.5,0.032
candidate:7ea4776e3d054ce082102ebd2af8186d,7ea4776e3d054ce082102ebd2af8186d,9effd4678e934bf3b5efffe547b2d752,phase10_holdout_market_train_022,phase10_holdout_event_train_022,phase10_holdout_event_train_022,macro,2026-01-15T05:34:15+00:00,phase6_features_v1,0.64,3,1,1,3,5,0.62,0.74,0.72,-0.032,-0.012,1.62,0,weakly_public,complete,NO,0.0,True,tight,fold_4_of_5,macro,time_block:2026-01-07:2026-02-06,0.032,0.012,train,,0.428965919587102,0.64,0.032,0.74,0.43260000000000004,0.25,1.5,1.5,0.032
candidate:e434fe212bd44d90a402c7484731153f,e434fe212bd44d90a402c7484731153f,1a95b6b5e0c34c249b4eb3ae3dd856c6,phase10_holdout_market_train_023,phase10_holdout_event_train_023,phase10_holdout_event_train_023,politics,2026-01-15T05:35:45+00:00,phase6_features_v1,0.65,3,1,1,3,3,0.62,0.74,0.54,0.032,0.012,1.62,0,weakly_public,complete,YES,0.0,True,tight,fold_5_of_5,politics,time_block:2026-01-07:2026-02-06,0.032,0.012,train,,0.5,0.65,0.032,0.74,0.4146,0.25,1.5,1.5,0.032
candidate:92a6374800494546af6d1aae297192fb,92a6374800494546af6d1aae297192fb,5739b1e0e06f46b5b7f4d87eb79873ea,phase10_holdout_market_train_024,phase10_holdout_event_train_024,phase10_holdout_event_train_024,sports,2026-01-15T05:37:15+00:00,phase6_features_v1,0.66,3,1,1,3,3,0.62,0.74,0.72,-0.032,-0.012,1.62,0,weakly_public,complete,NO,1.0,True,tight,fold_1_of_5,sports,time_block:2026-01-07:2026-02-06,0.032,0.012,train,,0.6657385793880746,0.66,0.032,0.74,0.43260000000000004,0.25,1.5,1.5,0.032
candidate:5fbcdea48fb84dd3ad29ebd56e7e7421,5fbcdea48fb84dd3ad29ebd56e7e7421,4362f8fdbe9d45dea1aecd8a8e4af175,phase10_holdout_market_train_025,phase10_holdout_event_train_025,phase10_holdout_event_train_025,crypto,2026-01-15T05:38:45+00:00,phase6_features_v1,0.67,3,1,1,3,5,0.62,0.74,0.54,0.032,0.012,1.62,0,weakly_public,complete,YES,1.0,True,tight,fold_2_of_5,crypto,time_block:2026-01-07:2026-02-06,0.032,0.012,train,,0.5,0.67,0.032,0.74,0.4146,0.25,1.5,1.5,0.032
candidate:eec7034d7a2f463daf340e093e31ce69,eec7034d7a2f463daf340e093e31ce69,84603b35b74e4553838282f848f99e73,phase10_holdout_market_train_026,phase10_holdout_event_train_026,phase10_holdout_event_train_026,macro,2026-01-15T05:40:15+00:00,phase6_features_v1,0.63,3,1,1,3,5,0.62,0.74,0.72,-0.032,-0.012,1.62,0,weakly_public,complete,NO,0.0,True,tight,fold_3_of_5,macro,time_block:2026-01-07:2026-02-06,0.032,0.012,train,,0.428965919587102,0.63,0.032,0.74,0.43260000000000004,0.25,1.5,1.5,0.032
candidate:cf3bfe89f5624f32bf35c67868429fe5,cf3bfe89f5624f32bf35c67868429fe5,efaddb6302b74d49a46e78b1ba009b21,phase10_holdout_market_train_027,phase10_holdout_event_train_027,phase10_holdout_event_train_027,politics,2026-01-15T05:41:45+00:00,phase6_features_v1,0.64,3,1,1,3,3,0.62,0.74,0.54,0.032,0.012,1.62,0,weakly_public,complete,YES,0.0,True,tight,fold_4_of_5,politics,time_block:2026-01-07:2026-02-06,0.032,0.012,train,,0.428965919587102,0.64,0.032,0.74,0.4146,0.25,1.5,1.5,0.032
candidate:17e5b167109f4f52b6b3a075d90088bc,17e5b167109f4f52b6b3a075d90088bc,7f851fe53d6f4c5a924e6ff235f33190,phase10_holdout_market_train_028,phase10_holdout_event_train_028,phase10_holdout_event_train_028,sports,2026-01-15T05:43:15+00:00,phase6_features_v1,0.65,3,1,1,3,3,0.62,0.74,0.72,-0.032,-0.012,1.62,0,weakly_public,complete,NO,1.0,True,tight,fold_5_of_5,sports,time_block:2026-01-07:2026-02-06,0.032,0.012,train,,0.5,0.65,0.032,0.74,0.43260000000000004,0.25,1.5,1.5,0.032
candidate:1535ecf6c3f349ff9ae6000a888593a2,1535ecf6c3f349ff9ae6000a888593a2,ae772a09673b4e589d3062eb3530e1cf,phase10_holdout_market_train_029,phase10_holdout_event_train_029,phase10_holdout_event_train_029,crypto,2026-01-15T05:44:45+00:00,phase6_features_v1,0.66,3,1,1,3,5,0.62,0.74,0.54,0.032,0.012,1.62,0,weakly_public,complete,YES,1.0,True,tight,fold_1_of_5,crypto,time_block:2026-01-07:2026-02-06,0.032,0.012,train,,0.6657385793880746,0.66,0.032,0.74,0.4146,0.25,1.5,1.5,0.032
candidate:e230fa4af9744506ba3c40b514f5bda0,e230fa4af9744506ba3c40b514f5bda0,03384ed17c92407cbd68c0d2d4130490,phase10_holdout_market_train_030,phase10_holdout_event_train_030,phase10_holdout_event_train_030,macro,2026-01-15T05:46:15+00:00,phase6_features_v1,0.67,3,1,1,3,5,0.62,0.74,0.72,-0.032,-0.012,1.62,0,weakly_public,complete,NO,0.0,True,tight,fold_2_of_5,macro,time_block:2026-01-07:2026-02-06,0.032,0.012,train,,0.5,0.67,0.032,0.74,0.43260000000000004,0.25,1.5,1.5,0.032
candidate:33afc16e0c394f149a080b12b41bce7c,33afc16e0c394f149a080b12b41bce7c,4989fcf34c584f908bed14de70b768ac,phase10_holdout_market_train_031,phase10_holdout_event_train_031,phase10_holdout_event_train_031,politics,2026-01-15T05:47:45+00:00,phase6_features_v1,0.63,3,1,1,3,3,0.62,0.74,0.54,0.032,0.012,1.62,0,weakly_public,complete,YES,0.0,True,tight,fold_3_of_5,politics,time_block:2026-01-07:2026-02-06,0.032,0.012,train,,0.428965919587102,0.63,0.032,0.74,0.4146,0.25,1.5,1.5,0.032
candidate:ba863846baea4225abefe68a40189878,ba863846baea4225abefe68a40189878,5eb4ef7cb8bb4b84b5a6cb9ea5847166,phase10_holdout_market_train_032,phase10_holdout_event_train_032,phase10_holdout_event_train_032,sports,2026-01-15T05:49:15+00:00,phase6_features_v1,0.64,3,1,1,3,3,0.62,0.74,0.72,-0.032,-0.012,1.62,0,weakly_public,complete,NO,1.0,True,tight,fold_4_of_5,sports,time_block:2026-01-07:2026-02-06,0.032,0.012,train,,0.428965919587102,0.64,0.032,0.74,0.43260000000000004,0.25,1.5,1.5,0.032
candidate:4b89ea19ea14493d9ef8bedde3fc6ada,4b89ea19ea14493d9ef8bedde3fc6ada,00858b8bad0f4cdea0eb5366da36b2b9,phase10_holdout_market_validation_033,phase10_holdout_event_validation_033,phase10_holdout_event_validation_033,crypto,2026-02-15T05:02:45+00:00,phase6_features_v1,0.63,3,1,1,3,5,0.62,0.74,0.54,0.032,0.012,1.62,0,weakly_public,complete,YES,1.0,True,tight,fold_5_of_5,crypto,time_block:2026-02-06:2026-03-08,0.032,0.012,validation,,0.428965919587102,0.63,0.032,0.74,0.4146,0.25,1.5,1.5,0.032
candidate:2f7dacf50c364683a3e1b5732e65b37f,2f7dacf50c364683a3e1b5732e65b37f,944fa3b110714aca8981f26daf54bc16,phase10_holdout_market_validation_034,phase10_holdout_event_validation_034,phase10_holdout_event_validation_034,macro,2026-02-15T05:04:15+00:00,phase6_features_v1,0.64,3,1,1,3,5,0.62,0.74,0.72,-0.032,-0.012,1.62,0,weakly_public,complete,NO,0.0,True,tight,fold_1_of_5,macro,time_block:2026-02-06:2026-03-08,0.032,0.012,validation,,0.428965919587102,0.64,0.032,0.74,0.43260000000000004,0.25,1.5,1.5,0.032
candidate:a1d86d4d373c409385d7d68108c0ac7a,a1d86d4d373c409385d7d68108c0ac7a,7ed21e030b7845e4a6359984a2301e2a,phase10_holdout_market_validation_035,phase10_holdout_event_validation_035,phase10_holdout_event_validation_035,politics,2026-02-15T05:05:45+00:00,phase6_features_v1,0.65,3,1,1,3,3,0.62,0.74,0.54,0.032,0.012,1.62,0,weakly_public,complete,YES,0.0,True,tight,fold_2_of_5,politics,time_block:2026-02-06:2026-03-08,0.032,0.012,validation,,0.5,0.65,0.032,0.74,0.4146,0.25,1.5,1.5,0.032
candidate:e18714e1a6d7413299f789ca6b80bad8,e18714e1a6d7413299f789ca6b80bad8,8bb05b17cb2145449d778cd1e67d09e1,phase10_holdout_market_validation_036,phase10_holdout_event_validation_036,phase10_holdout_event_validation_036,sports,2026-02-15T05:07:15+00:00,phase6_features_v1,0.66,3,1,1,3,3,0.62,0.74,0.72,-0.032,-0.012,1.62,0,weakly_public,complete,NO,1.0,True,tight,fold_3_of_5,sports,time_block:2026-02-06:2026-03-08,0.032,0.012,validation,,0.6657385793880746,0.66,0.032,0.74,0.43260000000000004,0.25,1.5,1.5,0.032
candidate:f8cf30476a3941c4a0d2bcfa3de5fa4e,f8cf30476a3941c4a0d2bcfa3de5fa4e,ca0c8839b3cc49dfa02810c24d2b1f6e,phase10_holdout_market_validation_037,phase10_holdout_event_validation_037,phase10_holdout_event_validation_037,crypto,2026-02-15T05:08:45+00:00,phase6_features_v1,0.67,3,1,1,3,5,0.62,0.74,0.54,0.032,0.012,1.62,0,weakly_public,complete,YES,1.0,True,tight,fold_4_of_5,crypto,time_block:2026-02-06:2026-03-08,0.032,0.012,validation,,0.5,0.67,0.032,0.74,0.4146,0.25,1.5,1.5,0.032
candidate:77dded9363a9468abb24a0becf5193ac,77dded9363a9468abb24a0becf5193ac,4bb4af1b031d4fa2883959580ceb97da,phase10_holdout_market_validation_038,phase10_holdout_event_validation_038,phase10_holdout_event_validation_038,macro,2026-02-15T05:10:15+00:00,phase6_features_v1,0.63,3,1,1,3,5,0.62,0.74,0.72,-0.032,-0.012,1.62,0,weakly_public,complete,NO,0.0,True,tight,fold_5_of_5,macro,time_block:2026-02-06:2026-03-08,0.032,0.012,validation,,0.428965919587102,0.63,0.032,0.74,0.43260000000000004,0.25,1.5,1.5,0.032
candidate:1ed3a5466e8c45d7a569d034c2c6f6a8,1ed3a5466e8c45d7a569d034c2c6f6a8,f0bfcd5591f442e3bdadc9880da2535e,phase10_holdout_market_validation_039,phase10_holdout_event_validation_039,phase10_holdout_event_validation_039,politics,2026-02-15T05:11:45+00:00,phase6_features_v1,0.64,3,1,1,3,3,0.62,0.74,0.54,0.032,0.012,1.62,0,weakly_public,complete,YES,0.0,True,tight,fold_1_of_5,politics,time_block:2026-02-06:2026-03-08,0.032,0.012,validation,,0.428965919587102,0.64,0.032,0.74,0.4146,0.25,1.5,1.5,0.032
candidate:42567e6e00cc470eb209f6c699ce867a,42567e6e00cc470eb209f6c699ce867a,ff680280d57c4b75835690964e515e10,phase10_holdout_market_validation_040,phase10_holdout_event_validation_040,phase10_holdout_event_validation_040,sports,2026-02-15T05:13:15+00:00,phase6_features_v1,0.65,3,1,1,3,3,0.62,0.74,0.72,-0.032,-0.012,1.62,0,weakly_public,complete,NO,1.0,True,tight,fold_2_of_5,sports,time_block:2026-02-06:2026-03-08,0.032,0.012,validation,,0.5,0.65,0.032,0.74,0.43260000000000004,0.25,1.5,1.5,0.032
candidate:ab6d630e4c9a4fb09b7f9b1373693689,ab6d630e4c9a4fb09b7f9b1373693689,f35402f137864e01b3086bfb646e74c1,phase10_holdout_market_validation_041,phase10_holdout_event_validation_041,phase10_holdout_event_validation_041,crypto,2026-02-15T05:14:45+00:00,phase6_features_v1,0.66,3,1,1,3,5,0.62,0.74,0.54,0.032,0.012,1.62,0,weakly_public,complete,YES,1.0,True,tight,fold_3_of_5,crypto,time_block:2026-02-06:2026-03-08,0.032,0.012,validation,,0.6657385793880746,0.66,0.032,0.74,0.4146,0.25,1.5,1.5,0.032
candidate:dbaa5834433d495ca3406cd95287e058,dbaa5834433d495ca3406cd95287e058,8b7f57a665804830b5744ca02b6b026d,phase10_holdout_market_validation_042,phase10_holdout_event_validation_042,phase10_holdout_event_validation_042,macro,2026-02-15T05:16:15+00:00,phase6_features_v1,0.67,3,1,1,3,5,0.62,0.74,0.72,-0.032,-0.012,1.62,0,weakly_public,complete,NO,0.0,True,tight,fold_4_of_5,macro,time_block:2026-02-06:2026-03-08,0.032,0.012,validation,,0.5,0.67,0.032,0.74,0.43260000000000004,0.25,1.5,1.5,0.032
candidate:c526e703ce104bcda5907fb68bc9b737,c526e703ce104bcda5907fb68bc9b737,00267410de214ce79677b90569d3004f,phase10_holdout_market_validation_043,phase10_holdout_event_validation_043,phase10_holdout_event_validation_043,politics,2026-02-15T05:17:45+00:00,phase6_features_v1,0.63,3,1,1,3,3,0.62,0.74,0.54,0.032,0.012,1.62,0,weakly_public,complete,YES,0.0,True,tight,fold_5_of_5,politics,time_block:2026-02-06:2026-03-08,0.032,0.012,validation,,0.428965919587102,0.63,0.032,0.74,0.4146,0.25,1.5,1.5,0.032
candidate:76a13c5a2b2345519c5a66281a2d0bf9,76a13c5a2b2345519c5a66281a2d0bf9,129ba3ffb5e34a3180ccadf0b97ff92a,phase10_holdout_market_validation_044,phase10_holdout_event_validation_044,phase10_holdout_event_validation_044,sports,2026-02-15T05:19:15+00:00,phase6_features_v1,0.64,3,1,1,3,3,0.62,0.74,0.72,-0.032,-0.012,1.62,0,weakly_public,complete,NO,1.0,True,tight,fold_1_of_5,sports,time_block:2026-02-06:2026-03-08,0.032,0.012,validation,,0.428965919587102,0.64,0.032,0.74,0.43260000000000004,0.25,1.5,1.5,0.032
candidate:47ca14c87875442a8c5aba561be9e03c,47ca14c87875442a8c5aba561be9e03c,73793298b9dd47a9b06c73903b4916b6,phase10_holdout_market_validation_045,phase10_holdout_event_validation_045,phase10_holdout_event_validation_045,crypto,2026-02-15T05:20:45+00:00,phase6_features_v1,0.65,3,1,1,3,5,0.62,0.74,0.54,0.032,0.012,1.62,0,weakly_public,complete,YES,1.0,True,tight,fold_2_of_5,crypto,time_block:2026-02-06:2026-03-08,0.032,0.012,validation,,0.5,0.65,0.032,0.74,0.4146,0.25,1.5,1.5,0.032
candidate:ab531a295ac14ea9945649d6b5299388,ab531a295ac14ea9945649d6b5299388,bff6fcb3bceb4e78ab70083b3db1e383,phase10_holdout_market_validation_046,phase10_holdout_event_validation_046,phase10_holdout_event_validation_046,macro,2026-02-15T05:22:15+00:00,phase6_features_v1,0.66,3,1,1,3,5,0.62,0.74,0.72,-0.032,-0.012,1.62,0,weakly_public,complete,NO,0.0,True,tight,fold_3_of_5,macro,time_block:2026-02-06:2026-03-08,0.032,0.012,validation,,0.6657385793880746,0.66,0.032,0.74,0.43260000000000004,0.25,1.5,1.5,0.032
candidate:9a24ad5e84644be990d8e1e2de0c224c,9a24ad5e84644be990d8e1e2de0c224c,1c38a839f39b489aa93a2b75d3150dc5,phase10_holdout_market_validation_047,phase10_holdout_event_validation_047,phase10_holdout_event_validation_047,politics,2026-02-15T05:23:45+00:00,phase6_features_v1,0.67,3,1,1,3,3,0.62,0.74,0.54,0.032,0.012,1.62,0,weakly_public,complete,YES,0.0,True,tight,fold_4_of_5,politics,time_block:2026-02-06:2026-03-08,0.032,0.012,validation,,0.5,0.67,0.032,0.74,0.4146,0.25,1.5,1.5,0.032
candidate:5b10445ee72e46f6930a473caa5ae558,5b10445ee72e46f6930a473caa5ae558,1609efd3bfb24676900a1dc7ce48c915,phase10_holdout_market_validation_048,phase10_holdout_event_validation_048,phase10_holdout_event_validation_048,sports,2026-02-15T05:25:15+00:00,phase6_features_v1,0.63,3,1,1,3,3,0.62,0.74,0.72,-0.032,-0.012,1.62,0,weakly_public,complete,NO,1.0,True,tight,fold_5_of_5,sports,time_block:2026-02-06:2026-03-08,0.032,0.012,validation,,0.428965919587102,0.63,0.032,0.74,0.43260000000000004,0.25,1.5,1.5,0.032
candidate:7f67e27c18f2497093ae0655adb0fe00,7f67e27c18f2497093ae0655adb0fe00,0037c57807344053b7dfe5837d62ea1c,phase10_holdout_market_validation_049,phase10_holdout_event_validation_049,phase10_holdout_event_validation_049,crypto,2026-02-15T05:26:45+00:00,phase6_features_v1,0.64,3,1,1,3,5,0.62,0.74,0.54,0.032,0.012,1.62,0,weakly_public,complete,YES,1.0,True,tight,fold_1_of_5,crypto,time_block:2026-02-06:2026-03-08,0.032,0.012,validation,,0.428965919587102,0.64,0.032,0.74,0.4146,0.25,1.5,1.5,0.032
candidate:da1dc986753643928d3ed5d41cf2ad5f,da1dc986753643928d3ed5d41cf2ad5f,1d467efb5f734fbdb082bf398698688a,phase10_holdout_market_validation_050,phase10_holdout_event_validation_050,phase10_holdout_event_validation_050,macro,2026-02-15T05:28:15+00:00,phase6_features_v1,0.65,3,1,1,3,5,0.62,0.74,0.72,-0.032,-0.012,1.62,0,weakly_public,complete,NO,0.0,True,tight,fold_2_of_5,macro,time_block:2026-02-06:2026-03-08,0.032,0.012,validation,,0.5,0.65,0.032,0.74,0.43260000000000004,0.25,1.5,1.5,0.032
candidate:864032e30e2348bdb394dcba36a62879,864032e30e2348bdb394dcba36a62879,ac83640324d34879a2146c76f4a1781c,phase10_holdout_market_validation_051,phase10_holdout_event_validation_051,phase10_holdout_event_validation_051,politics,2026-02-15T05:29:45+00:00,phase6_features_v1,0.66,3,1,1,3,3,0.62,0.74,0.54,0.032,0.012,1.62,0,weakly_public,complete,YES,0.0,True,tight,fold_3_of_5,politics,time_block:2026-02-06:2026-03-08,0.032,0.012,validation,,0.6657385793880746,0.66,0.032,0.74,0.4146,0.25,1.5,1.5,0.032
candidate:d68b2fb2aa4b4331b5079bdcae8e3363,d68b2fb2aa4b4331b5079bdcae8e3363,2773acfdeb0d49308253cf136abe4794,phase10_holdout_market_validation_052,phase10_holdout_event_validation_052,phase10_holdout_event_validation_052,sports,2026-02-15T05:31:15+00:00,phase6_features_v1,0.67,3,1,1,3,3,0.62,0.74,0.72,-0.032,-0.012,1.62,0,weakly_public,complete,NO,1.0,True,tight,fold_4_of_5,sports,time_block:2026-02-06:2026-03-08,0.032,0.012,validation,,0.5,0.67,0.032,0.74,0.43260000000000004,0.25,1.5,1.5,0.032
candidate:e95f1721ea4b4a7db58f6b264ea26faf,e95f1721ea4b4a7db58f6b264ea26faf,4d82ecdc1dc741449d997ed41b50f55b,phase10_holdout_market_validation_053,phase10_holdout_event_validation_053,phase10_holdout_event_validation_053,crypto,2026-02-15T05:32:45+00:00,phase6_features_v1,0.63,3,1,1,3,5,0.62,0.74,0.54,0.032,0.012,1.62,0,weakly_public,complete,YES,1.0,True,tight,fold_5_of_5,crypto,time_block:2026-02-06:2026-03-08,0.032,0.012,validation,,0.428965919587102,0.63,0.032,0.74,0.4146,0.25,1.5,1.5,0.032
candidate:e6f692557ebe45f2964916c31d739f60,e6f692557ebe45f2964916c31d739f60,4993e63e38004aba9902955d1f5270fd,phase10_holdout_market_validation_054,phase10_holdout_event_validation_054,phase10_holdout_event_validation_054,macro,2026-02-15T05:34:15+00:00,phase6_features_v1,0.64,3,1,1,3,5,0.62,0.74,0.72,-0.032,-0.012,1.62,0,weakly_public,complete,NO,0.0,True,tight,fold_1_of_5,macro,time_block:2026-02-06:2026-03-08,0.032,0.012,validation,,0.428965919587102,0.64,0.032,0.74,0.43260000000000004,0.25,1.5,1.5,0.032
candidate:5a7e27352b024f638727b3dd747f74b8,5a7e27352b024f638727b3dd747f74b8,a11706b5e82f46988d7aeda8ef91b062,phase10_holdout_market_validation_055,phase10_holdout_event_validation_055,phase10_holdout_event_validation_055,politics,2026-02-15T05:35:45+00:00,phase6_features_v1,0.65,3,1,1,3,3,0.62,0.74,0.54,0.032,0.012,1.62,0,weakly_public,complete,YES,0.0,True,tight,fold_2_of_5,politics,time_block:2026-02-06:2026-03-08,0.032,0.012,validation,,0.5,0.65,0.032,0.74,0.4146,0.25,1.5,1.5,0.032
candidate:7f41ea5e027543c6b4abb0554cd8d2c5,7f41ea5e027543c6b4abb0554cd8d2c5,3d688dd2b7f346248402fda2057833e3,phase10_holdout_market_validation_056,phase10_holdout_event_validation_056,phase10_holdout_event_validation_056,sports,2026-02-15T05:37:15+00:00,phase6_features_v1,0.66,3,1,1,3,3,0.62,0.74,0.72,-0.032,-0.012,1.62,0,weakly_public,complete,NO,1.0,True,tight,fold_3_of_5,sports,time_block:2026-02-06:2026-03-08,0.032,0.012,validation,,0.6657385793880746,0.66,0.032,0.74,0.43260000000000004,0.25,1.5,1.5,0.032
candidate:d6f8170985054a7e844fcd07839f8402,d6f8170985054a7e844fcd07839f8402,464a714e4eb542288a5183aa4860dc8e,phase10_holdout_market_validation_057,phase10_holdout_event_validation_057,phase10_holdout_event_validation_057,crypto,2026-02-15T05:38:45+00:00,phase6_features_v1,0.67,3,1,1,3,5,0.62,0.74,0.54,0.032,0.012,1.62,0,weakly_public,complete,YES,1.0,True,tight,fold_4_of_5,crypto,time_block:2026-02-06:2026-03-08,0.032,0.012,validation,,0.5,0.67,0.032,0.74,0.4146,0.25,1.5,1.5,0.032
candidate:4645bb26f99942d79f5145775eab35e7,4645bb26f99942d79f5145775eab35e7,b088d80fcf2c43f88e3414283cd262d6,phase10_holdout_market_validation_058,phase10_holdout_event_validation_058,phase10_holdout_event_validation_058,macro,2026-02-15T05:40:15+00:00,phase6_features_v1,0.63,3,1,1,3,5,0.62,0.74,0.72,-0.032,-0.012,1.62,0,weakly_public,complete,NO,0.0,True,tight,fold_5_of_5,macro,time_block:2026-02-06:2026-03-08,0.032,0.012,validation,,0.428965919587102,0.63,0.032,0.74,0.43260000000000004,0.25,1.5,1.5,0.032
candidate:786ac90790f74345b794c0cecbd4d62b,786ac90790f74345b794c0cecbd4d62b,e92ddcae524c40ba89a51642273d264c,phase10_holdout_market_validation_059,phase10_holdout_event_validation_059,phase10_holdout_event_validation_059,politics,2026-02-15T05:41:45+00:00,phase6_features_v1,0.64,3,1,1,3,3,0.62,0.74,0.54,0.032,0.012,1.62,0,weakly_public,complete,YES,0.0,True,tight,fold_1_of_5,politics,time_block:2026-02-06:2026-03-08,0.032,0.012,validation,,0.428965919587102,0.64,0.032,0.74,0.4146,0.25,1.5,1.5,0.032
candidate:1f72c6feeddc4703803e87c3d5527fcb,1f72c6feeddc4703803e87c3d5527fcb,4f2f5298bd5743b89c2b9a60eefd520b,phase10_holdout_market_validation_060,phase10_holdout_event_validation_060,phase10_holdout_event_validation_060,sports,2026-02-15T05:43:15+00:00,phase6_features_v1,0.65,3,1,1,3,3,0.62,0.74,0.72,-0.032,-0.012,1.62,0,weakly_public,complete,NO,1.0,True,tight,fold_2_of_5,sports,time_block:2026-02-06:2026-03-08,0.032,0.012,validation,,0.5,0.65,0.032,0.74,0.43260000000000004,0.25,1.5,1.5,0.032
candidate:c9db426c9a164a75b8e1006307ef2c9a,c9db426c9a164a75b8e1006307ef2c9a,7d007f0d35464a7d963a9ff30a2fe589,phase10_holdout_market_validation_061,phase10_holdout_event_validation_061,phase10_holdout_event_validation_061,crypto,2026-02-15T05:44:45+00:00,phase6_features_v1,0.66,3,1,1,3,5,0.62,0.74,0.54,0.032,0.012,1.62,0,weakly_public,complete,YES,1.0,True,tight,fold_3_of_5,crypto,time_block:2026-02-06:2026-03-08,0.032,0.012,validation,,0.6657385793880746,0.66,0.032,0.74,0.4146,0.25,1.5,1.5,0.032
candidate:747806e528564104b1820c9d4e05d68c,747806e528564104b1820c9d4e05d68c,ab6549d0c6944c489dcd7efccf570fa3,phase10_holdout_market_validation_062,phase10_holdout_event_validation_062,phase10_holdout_event_validation_062,macro,2026-02-15T05:46:15+00:00,phase6_features_v1,0.67,3,1,1,3,5,0.62,0.74,0.72,-0.032,-0.012,1.62,0,weakly_public,complete,NO,0.0,True,tight,fold_4_of_5,macro,time_block:2026-02-06:2026-03-08,0.032,0.012,validation,,0.5,0.67,0.032,0.74,0.43260000000000004,0.25,1.5,1.5,0.032
candidate:be4593013beb4c849964caee61439f4f,be4593013beb4c849964caee61439f4f,c8c44ece011c448596d41c652a22c2fe,phase10_holdout_market_validation_063,phase10_holdout_event_validation_063,phase10_holdout_event_validation_063,politics,2026-02-15T05:47:45+00:00,phase6_features_v1,0.63,3,1,1,3,3,0.62,0.74,0.54,0.032,0.012,1.62,0,weakly_public,complete,YES,0.0,True,tight,fold_5_of_5,politics,time_block:2026-02-06:2026-03-08,0.032,0.012,validation,,0.428965919587102,0.63,0.032,0.74,0.4146,0.25,1.5,1.5,0.032
candidate:cdd0cb9ecab54051ba545adf17d9a333,cdd0cb9ecab54051ba545adf17d9a333,e9409833b4514af1ad8639167f350d6a,phase10_holdout_market_validation_064,phase10_holdout_event_validation_064,phase10_holdout_event_validation_064,sports,2026-02-15T05:49:15+00:00,phase6_features_v1,0.64,3,1,1,3,3,0.62,0.74,0.72,-0.032,-0.012,1.62,0,weakly_public,complete,NO,1.0,True,tight,fold_1_of_5,sports,time_block:2026-02-06:2026-03-08,0.032,0.012,validation,,0.428965919587102,0.64,0.032,0.74,0.43260000000000004,0.25,1.5,1.5,0.032
candidate:4925808d1b6d4bf5a3c423830fc4c642,4925808d1b6d4bf5a3c423830fc4c642,5943c77525484fbcad645ef2716821b3,phase10_holdout_market_test_065,phase10_holdout_event_test_065,phase10_holdout_event_test_065,crypto,2026-03-15T05:02:45+00:00,phase6_features_v1,0.63,3,1,1,3,5,0.62,0.74,0.54,0.032,0.012,1.62,0,weakly_public,complete,YES,1.0,True,tight,fold_1_of_5,crypto,time_block:2026-03-08:2026-04-07,0.032,0.012,test,,0.428965919587102,0.63,0.032,0.74,0.4146,0.25,1.5,1.5,0.032
candidate:e0a27ecb309749829188b80a58959479,e0a27ecb309749829188b80a58959479,a7766102a7934cae9778c59033845963,phase10_holdout_market_test_066,phase10_holdout_event_test_066,phase10_holdout_event_test_066,macro,2026-03-15T05:04:15+00:00,phase6_features_v1,0.64,3,1,1,3,5,0.62,0.74,0.72,-0.032,-0.012,1.62,0,weakly_public,complete,NO,0.0,True,tight,fold_2_of_5,macro,time_block:2026-03-08:2026-04-07,0.032,0.012,test,,0.428965919587102,0.64,0.032,0.74,0.43260000000000004,0.25,1.5,1.5,0.032
candidate:a802970d201049eeb4820290ff40efce,a802970d201049eeb4820290ff40efce,85c5cc8a0a6647cf9cb0ba0d319f772a,phase10_holdout_market_test_067,phase10_holdout_event_test_067,phase10_holdout_event_test_067,politics,2026-03-15T05:05:45+00:00,phase6_features_v1,0.65,3,1,1,3,3,0.62,0.74,0.54,0.032,0.012,1.62,0,weakly_public,complete,YES,0.0,True,tight,fold_3_of_5,politics,time_block:2026-03-08:2026-04-07,0.032,0.012,test,,0.5,0.65,0.032,0.74,0.4146,0.25,1.5,1.5,0.032
candidate:34113cc1ba624baaaf2ae8339c5e11a3,34113cc1ba624baaaf2ae8339c5e11a3,3339cbfd3b6a4cb1bf07709f7d57b5c4,phase10_holdout_market_test_068,phase10_holdout_event_test_068,phase10_holdout_event_test_068,sports,2026-03-15T05:07:15+00:00,phase6_features_v1,0.66,3,1,1,3,3,0.62,0.74,0.72,-0.032,-0.012,1.62,0,weakly_public,complete,NO,1.0,True,tight,fold_4_of_5,sports,time_block:2026-03-08:2026-04-07,0.032,0.012,test,,0.6657385793880746,0.66,0.032,0.74,0.43260000000000004,0.25,1.5,1.5,0.032
candidate:24de2e2c17a04972a581453688562daa,24de2e2c17a04972a581453688562daa,d5bdf986bff74ea1928b694e2d060e82,phase10_holdout_market_test_069,phase10_holdout_event_test_069,phase10_holdout_event_test_069,crypto,2026-03-15T05:08:45+00:00,phase6_features_v1,0.67,3,1,1,3,5,0.62,0.74,0.54,0.032,0.012,1.62,0,weakly_public,complete,YES,1.0,True,tight,fold_5_of_5,crypto,time_block:2026-03-08:2026-04-07,0.032,0.012,test,,0.5,0.67,0.032,0.74,0.4146,0.25,1.5,1.5,0.032
candidate:0c446f08c7ad46b2b9c91c42a52c9074,0c446f08c7ad46b2b9c91c42a52c9074,b96786f0847f40ff8a7060d4b33528b9,phase10_holdout_market_test_070,phase10_holdout_event_test_070,phase10_holdout_event_test_070,macro,2026-03-15T05:10:15+00:00,phase6_features_v1,0.63,3,1,1,3,5,0.62,0.74,0.72,-0.032,-0.012,1.62,0,weakly_public,complete,NO,0.0,True,tight,fold_1_of_5,macro,time_block:2026-03-08:2026-04-07,0.032,0.012,test,,0.428965919587102,0.63,0.032,0.74,0.43260000000000004,0.25,1.5,1.5,0.032
candidate:d7631d8c3ace4ebaae0097ab689892a7,d7631d8c3ace4ebaae0097ab689892a7,eeef52c11e4c448e9737837df3d825d1,phase10_holdout_market_test_071,phase10_holdout_event_test_071,phase10_holdout_event_test_071,politics,2026-03-15T05:11:45+00:00,phase6_features_v1,0.64,3,1,1,3,3,0.62,0.74,0.54,0.032,0.012,1.62,0,weakly_public,complete,YES,0.0,True,tight,fold_2_of_5,politics,time_block:2026-03-08:2026-04-07,0.032,0.012,test,,0.428965919587102,0.64,0.032,0.74,0.4146,0.25,1.5,1.5,0.032
candidate:0af3b4c6128948289b6a8187f6d92f5f,0af3b4c6128948289b6a8187f6d92f5f,4dba31ed3dc341a7bc2509edce4f2fb8,phase10_holdout_market_test_072,phase10_holdout_event_test_072,phase10_holdout_event_test_072,sports,2026-03-15T05:13:15+00:00,phase6_features_v1,0.65,3,1,1,3,3,0.62,0.74,0.72,-0.032,-0.012,1.62,0,weakly_public,complete,NO,1.0,True,tight,fold_3_of_5,sports,time_block:2026-03-08:2026-04-07,0.032,0.012,test,,0.5,0.65,0.032,0.74,0.43260000000000004,0.25,1.5,1.5,0.032
candidate:a095194ddf494d1c84fae1000c18c36b,a095194ddf494d1c84fae1000c18c36b,c49de71e587f45929ea4a61019917211,phase10_holdout_market_test_073,phase10_holdout_event_test_073,phase10_holdout_event_test_073,crypto,2026-03-15T05:14:45+00:00,phase6_features_v1,0.66,3,1,1,3,5,0.62,0.74,0.54,0.032,0.012,1.62,0,weakly_public,complete,YES,1.0,True,tight,fold_4_of_5,crypto,time_block:2026-03-08:2026-04-07,0.032,0.012,test,,0.6657385793880746,0.66,0.032,0.74,0.4146,0.25,1.5,1.5,0.032
candidate:663c67a7bcdd44dd9ffc717febbcbb27,663c67a7bcdd44dd9ffc717febbcbb27,8a646c92c8ba4b52bcd444ce62d1e94d,phase10_holdout_market_test_074,phase10_holdout_event_test_074,phase10_holdout_event_test_074,macro,2026-03-15T05:16:15+00:00,phase6_features_v1,0.67,3,1,1,3,5,0.62,0.74,0.72,-0.032,-0.012,1.62,0,weakly_public,complete,NO,0.0,True,tight,fold_5_of_5,macro,time_block:2026-03-08:2026-04-07,0.032,0.012,test,,0.5,0.67,0.032,0.74,0.43260000000000004,0.25,1.5,1.5,0.032
candidate:6fc3bcbf434e4042861d00eaca05b8a4,6fc3bcbf434e4042861d00eaca05b8a4,9479203e65554776ab678b4b421f359d,phase10_holdout_market_test_075,phase10_holdout_event_test_075,phase10_holdout_event_test_075,politics,2026-03-15T05:17:45+00:00,phase6_features_v1,0.63,3,1,1,3,3,0.62,0.74,0.54,0.032,0.012,1.62,0,weakly_public,complete,YES,0.0,True,tight,fold_1_of_5,politics,time_block:2026-03-08:2026-04-07,0.032,0.012,test,,0.428965919587102,0.63,0.032,0.74,0.4146,0.25,1.5,1.5,0.032
candidate:5a9fe2cadc664302b75ae8acbc69e95d,5a9fe2cadc664302b75ae8acbc69e95d,57c272ee88794306ac2ccbfc87276a88,phase10_holdout_market_test_076,phase10_holdout_event_test_076,phase10_holdout_event_test_076,sports,2026-03-15T05:19:15+00:00,phase6_features_v1,0.64,3,1,1,3,3,0.62,0.74,0.72,-0.032,-0.012,1.62,0,weakly_public,complete,NO,1.0,True,tight,fold_2_of_5,sports,time_block:2026-03-08:2026-04-07,0.032,0.012,test,,0.428965919587102,0.64,0.032,0.74,0.43260000000000004,0.25,1.5,1.5,0.032
candidate:9f0e9b5e4f184135aecd5e809784b2e1,9f0e9b5e4f184135aecd5e809784b2e1,5d4eea1fb74543a3a6b1302f75802125,phase10_holdout_market_test_077,phase10_holdout_event_test_077,phase10_holdout_event_test_077,crypto,2026-03-15T05:20:45+00:00,phase6_features_v1,0.65,3,1,1,3,5,0.62,0.74,0.54,0.032,0.012,1.62,0,weakly_public,complete,YES,1.0,True,tight,fold_3_of_5,crypto,time_block:2026-03-08:2026-04-07,0.032,0.012,test,,0.5,0.65,0.032,0.74,0.4146,0.25,1.5,1.5,0.032
candidate:94150c670f0c4886b246f4c411951e9a,94150c670f0c4886b246f4c411951e9a,0cbd5b755b5345ffb6c537ffd531687a,phase10_holdout_market_test_078,phase10_holdout_event_test_078,phase10_holdout_event_test_078,macro,2026-03-15T05:22:15+00:00,phase6_features_v1,0.66,3,1,1,3,5,0.62,0.74,0.72,-0.032,-0.012,1.62,0,weakly_public,complete,NO,0.0,True,tight,fold_4_of_5,macro,time_block:2026-03-08:2026-04-07,0.032,0.012,test,,0.6657385793880746,0.66,0.032,0.74,0.43260000000000004,0.25,1.5,1.5,0.032
candidate:e78787d8c4944827a1bbcae6e99a454a,e78787d8c4944827a1bbcae6e99a454a,8484622fb07f4380bac1c4d7b5425092,phase10_holdout_market_test_079,phase10_holdout_event_test_079,phase10_holdout_event_test_079,politics,2026-03-15T05:23:45+00:00,phase6_features_v1,0.67,3,1,1,3,3,0.62,0.74,0.54,0.032,0.012,1.62,0,weakly_public,complete,YES,0.0,True,tight,fold_5_of_5,politics,time_block:2026-03-08:2026-04-07,0.032,0.012,test,,0.5,0.67,0.032,0.74,0.4146,0.25,1.5,1.5,0.032
candidate:ef9c461b7dec42aeb373301e056db93f,ef9c461b7dec42aeb373301e056db93f,af84fe26aa7b4234995308dc89de2401,phase10_holdout_market_test_080,phase10_holdout_event_test_080,phase10_holdout_event_test_080,sports,2026-03-15T05:25:15+00:00,phase6_features_v1,0.63,3,1,1,3,3,0.62,0.74,0.72,-0.032,-0.012,1.62,0,weakly_public,complete,NO,1.0,True,tight,fold_1_of_5,sports,time_block:2026-03-08:2026-04-07,0.032,0.012,test,,0.428965919587102,0.63,0.032,0.74,0.43260000000000004,0.25,1.5,1.5,0.032
candidate:b9dddc422b5348f88fae4a8ae95e6ea6,b9dddc422b5348f88fae4a8ae95e6ea6,6c921ccd7c364ea2ac16b06e94eae9d8,phase10_holdout_market_test_081,phase10_holdout_event_test_081,phase10_holdout_event_test_081,crypto,2026-03-15T05:26:45+00:00,phase6_features_v1,0.64,3,1,1,3,5,0.62,0.74,0.54,0.032,0.012,1.62,0,weakly_public,complete,YES,1.0,True,tight,fold_2_of_5,crypto,time_block:2026-03-08:2026-04-07,0.032,0.012,test,,0.428965919587102,0.64,0.032,0.74,0.4146,0.25,1.5,1.5,0.032
candidate:8be9d485eb66404ba4fccd9ca743233f,8be9d485eb66404ba4fccd9ca743233f,dba0c46c13b4407a8f51e2253c4dfe39,phase10_holdout_market_test_082,phase10_holdout_event_test_082,phase10_holdout_event_test_082,macro,2026-03-15T05:28:15+00:00,phase6_features_v1,0.65,3,1,1,3,5,0.62,0.74,0.72,-0.032,-0.012,1.62,0,weakly_public,complete,NO,0.0,True,tight,fold_3_of_5,macro,time_block:2026-03-08:2026-04-07,0.032,0.012,test,,0.5,0.65,0.032,0.74,0.43260000000000004,0.25,1.5,1.5,0.032
candidate:6e089a057c464e33a35a392a8a267010,6e089a057c464e33a35a392a8a267010,dfaf3ec6ac3440a996ef847a7505bc77,phase10_holdout_market_test_083,phase10_holdout_event_test_083,phase10_holdout_event_test_083,politics,2026-03-15T05:29:45+00:00,phase6_features_v1,0.66,3,1,1,3,3,0.62,0.74,0.54,0.032,0.012,1.62,0,weakly_public,complete,YES,0.0,True,tight,fold_4_of_5,politics,time_block:2026-03-08:2026-04-07,0.032,0.012,test,,0.6657385793880746,0.66,0.032,0.74,0.4146,0.25,1.5,1.5,0.032
candidate:01e08bd6a2b0401a9a50f86e5789ec06,01e08bd6a2b0401a9a50f86e5789ec06,e295cd937b1f4b26881b2302129a94cc,phase10_holdout_market_test_084,phase10_holdout_event_test_084,phase10_holdout_event_test_084,sports,2026-03-15T05:31:15+00:00,phase6_features_v1,0.67,3,1,1,3,3,0.62,0.74,0.72,-0.032,-0.012,1.62,0,weakly_public,complete,NO,1.0,True,tight,fold_5_of_5,sports,time_block:2026-03-08:2026-04-07,0.032,0.012,test,,0.5,0.67,0.032,0.74,0.43260000000000004,0.25,1.5,1.5,0.032
candidate:1bbda7faca584a0eba4063633a90e2a3,1bbda7faca584a0eba4063633a90e2a3,8463cbb01c8f4fce85d179d84ffb218b,phase10_holdout_market_test_085,phase10_holdout_event_test_085,phase10_holdout_event_test_085,crypto,2026-03-15T05:32:45+00:00,phase6_features_v1,0.63,3,1,1,3,5,0.62,0.74,0.54,0.032,0.012,1.62,0,weakly_public,complete,YES,1.0,True,tight,fold_1_of_5,crypto,time_block:2026-03-08:2026-04-07,0.032,0.012,test,,0.428965919587102,0.63,0.032,0.74,0.4146,0.25,1.5,1.5,0.032
candidate:3b96bec4af8643138fb1302530aa0e2a,3b96bec4af8643138fb1302530aa0e2a,518e2286636f4204877aa3c8b5501eda,phase10_holdout_market_test_086,phase10_holdout_event_test_086,phase10_holdout_event_test_086,macro,2026-03-15T05:34:15+00:00,phase6_features_v1,0.64,3,1,1,3,5,0.62,0.74,0.72,-0.032,-0.012,1.62,0,weakly_public,complete,NO,0.0,True,tight,fold_2_of_5,macro,time_block:2026-03-08:2026-04-07,0.032,0.012,test,,0.428965919587102,0.64,0.032,0.74,0.43260000000000004,0.25,1.5,1.5,0.032
candidate:fbef90dda49945848356c3967903f61e,fbef90dda49945848356c3967903f61e,5bd6d5d216f84ae9a1ea0fea80cd02e5,phase10_holdout_market_test_087,phase10_holdout_event_test_087,phase10_holdout_event_test_087,politics,2026-03-15T05:35:45+00:00,phase6_features_v1,0.65,3,1,1,3,3,0.62,0.74,0.54,0.032,0.012,1.62,0,weakly_public,complete,YES,0.0,True,tight,fold_3_of_5,politics,time_block:2026-03-08:2026-04-07,0.032,0.012,test,,0.5,0.65,0.032,0.74,0.4146,0.25,1.5,1.5,0.032
candidate:b9b59baaafae4a2dabf340e38ec3a681,b9b59baaafae4a2dabf340e38ec3a681,82ced44478624b63ba1e7a13c1b09d5a,phase10_holdout_market_test_088,phase10_holdout_event_test_088,phase10_holdout_event_test_088,sports,2026-03-15T05:37:15+00:00,phase6_features_v1,0.66,3,1,1,3,3,0.62,0.74,0.72,-0.032,-0.012,1.62,0,weakly_public,complete,NO,1.0,True,tight,fold_4_of_5,sports,time_block:2026-03-08:2026-04-07,0.032,0.012,test,,0.6657385793880746,0.66,0.032,0.74,0.43260000000000004,0.25,1.5,1.5,0.032
candidate:302e443a051a4674a27eb7032176b35c,302e443a051a4674a27eb7032176b35c,9af3f35740c8403d86f28a734cda46a5,phase10_holdout_market_test_089,phase10_holdout_event_test_089,phase10_holdout_event_test_089,crypto,2026-03-15T05:38:45+00:00,phase6_features_v1,0.67,3,1,1,3,5,0.62,0.74,0.54,0.032,0.012,1.62,0,weakly_public,complete,YES,1.0,True,tight,fold_5_of_5,crypto,time_block:2026-03-08:2026-04-07,0.032,0.012,test,,0.5,0.67,0.032,0.74,0.4146,0.25,1.5,1.5,0.032
candidate:013275a440304da7b9718022e4423b40,013275a440304da7b9718022e4423b40,52d8ecdfad5b4d8b947a46761cf4626a,phase10_holdout_market_test_090,phase10_holdout_event_test_090,phase10_holdout_event_test_090,macro,2026-03-15T05:40:15+00:00,phase6_features_v1,0.63,3,1,1,3,5,0.62,0.74,0.72,-0.032,-0.012,1.62,0,weakly_public,complete,NO,0.0,True,tight,fold_1_of_5,macro,time_block:2026-03-08:2026-04-07,0.032,0.012,test,,0.428965919587102,0.63,0.032,0.74,0.43260000000000004,0.25,1.5,1.5,0.032
candidate:1cf970e5b2fa4e7b9d6543d7281430ad,1cf970e5b2fa4e7b9d6543d7281430ad,5866ca18eb1c43d7b57cfb4b52eb78d7,phase10_holdout_market_test_091,phase10_holdout_event_test_091,phase10_holdout_event_test_091,politics,2026-03-15T05:41:45+00:00,phase6_features_v1,0.64,3,1,1,3,3,0.62,0.74,0.54,0.032,0.012,1.62,0,weakly_public,complete,YES,0.0,True,tight,fold_2_of_5,politics,time_block:2026-03-08:2026-04-07,0.032,0.012,test,,0.428965919587102,0.64,0.032,0.74,0.4146,0.25,1.5,1.5,0.032
candidate:9d594707194c433aa04c2e6d4b8d2df2,9d594707194c433aa04c2e6d4b8d2df2,ca065692c67f456a8bb1e7a2a81e6ca5,phase10_holdout_market_test_092,phase10_holdout_event_test_092,phase10_holdout_event_test_092,sports,2026-03-15T05:43:15+00:00,phase6_features_v1,0.65,3,1,1,3,3,0.62,0.74,0.72,-0.032,-0.012,1.62,0,weakly_public,complete,NO,1.0,True,tight,fold_3_of_5,sports,time_block:2026-03-08:2026-04-07,0.032,0.012,test,,0.5,0.65,0.032,0.74,0.43260000000000004,0.25,1.5,1.5,0.032
candidate:55cc3e0e93e04544a229c63d2395ff10,55cc3e0e93e04544a229c63d2395ff10,44089d91da604b698a42844128d33ffb,phase10_holdout_market_test_093,phase10_holdout_event_test_093,phase10_holdout_event_test_093,crypto,2026-03-15T05:44:45+00:00,phase6_features_v1,0.66,3,1,1,3,5,0.62,0.74,0.54,0.032,0.012,1.62,0,weakly_public,complete,YES,1.0,True,tight,fold_4_of_5,crypto,time_block:2026-03-08:2026-04-07,0.032,0.012,test,,0.6657385793880746,0.66,0.032,0.74,0.4146,0.25,1.5,1.5,0.032
candidate:07c652deb8f5455dbd4b9b77b5f567b7,07c652deb8f5455dbd4b9b77b5f567b7,eab6a1336e284016ab627157fc498c64,phase10_holdout_market_test_094,phase10_holdout_event_test_094,phase10_holdout_event_test_094,macro,2026-03-15T05:46:15+00:00,phase6_features_v1,0.67,3,1,1,3,5,0.62,0.74,0.72,-0.032,-0.012,1.62,0,weakly_public,complete,NO,0.0,True,tight,fold_5_of_5,macro,time_block:2026-03-08:2026-04-07,0.032,0.012,test,,0.5,0.67,0.032,0.74,0.43260000000000004,0.25,1.5,1.5,0.032
candidate:1807c60649f746eebaab4af6ee1d5667,1807c60649f746eebaab4af6ee1d5667,0162da2e2e744c4f9113d97599cb6058,phase10_holdout_market_test_095,phase10_holdout_event_test_095,phase10_holdout_event_test_095,politics,2026-03-15T05:47:45+00:00,phase6_features_v1,0.63,3,1,1,3,3,0.62,0.74,0.54,0.032,0.012,1.62,0,weakly_public,complete,YES,0.0,True,tight,fold_1_of_5,politics,time_block:2026-03-08:2026-04-07,0.032,0.012,test,,0.428965919587102,0.63,0.032,0.74,0.4146,0.25,1.5,1.5,0.032
candidate:3e025a19140b4bb6bc568e71a3c97148,3e025a19140b4bb6bc568e71a3c97148,a8a0c4eab80a4c0c8c6bd0c96f541bfd,phase10_holdout_market_test_096,phase10_holdout_event_test_096,phase10_holdout_event_test_096,sports,2026-03-15T05:49:15+00:00,phase6_features_v1,0.64,3,1,1,3,3,0.62,0.74,0.72,-0.032,-0.012,1.62,0,weakly_public,complete,NO,1.0,True,tight,fold_2_of_5,sports,time_block:2026-03-08:2026-04-07,0.032,0.012,test,,0.428965919587102,0.64,0.032,0.74,0.43260000000000004,0.25,1.5,1.5,0.032
